.scenario.id,.at,mh.scrninterv.start,mh.txinterv.start,mdd.diag.gen.prob_1,mdd.diag.gen.prob_2,mddscrnuptk.pstat.prob,mddscrnuptk.pind.prob,mdd.txinit.prob.reg_1,mdd.txinit.prob.reg_2,mdd.txinit.prob.reg_3,mdd.txinit.prob.prep_1,mdd.txinit.prob.prep_2,mdd.txinit.prob.prep_3,prep.start.prob_1,prep.start.prob_2,prep.start.prob_3,tx.init.rate_1,tx.init.rate_2,tx.init.rate_3,tx.reinit.partial.rate_1,tx.reinit.partial.rate_2,tx.reinit.partial.rate_3
e001base,3901,3901,3901,0.47,0.45,0,0,0.397,0.336,0.54,0,0,0,0.005357789,0.004025258,0.006283773,0.2984,0.3679,0.3478,0.00255,0.00255,0.00255
e002plusallmdeneeddiag,3901,3901,3901,1,1,0,1,0.397,0.336,0.54,0,0,0,0.005357789,0.004025258,0.006283773,0.2984,0.3679,0.3478,0.00255,0.00255,0.00255
e003plusallmdeneedtx,3901,3901,3901,0.47,0.45,0,0,1,1,1,1,1,1,0.005357789,0.004025258,0.006283773,0.2984,0.3679,0.3478,0.00255,0.00255,0.00255
e004plusallmdeneedfullymet,3901,3901,3901,1,1,0,1,1,1,1,1,1,1,0.005357789,0.004025258,0.006283773,0.2984,0.3679,0.3478,0.00255,0.00255,0.00255
e005allmdeneedmet_prepupx2,3901,3901,3901,1,1,0,1,1,1,1,1,1,1,0.010715578,0.008050516,0.012567546,0.2984,0.3679,0.3478,0.00255,0.00255,0.00255
e006allmdeneedmet_artupx2,3901,3901,3901,1,1,0,1,1,1,1,1,1,1,0.005357789,0.004025258,0.006283773,0.5968,0.7358,0.6956,0.0051,0.0051,0.0051
e007allmdeneedmet_prepartupX2,3901,3901,3901,1,1,0,1,1,1,1,1,1,1,0.010715578,0.008050516,0.012567546,0.5968,0.7358,0.6956,0.0051,0.0051,0.0051
